{
  "events": [],
  "cards": [],
  "sparklines": {
    "laps_ms": [
      105342,
      99505
    ],
    "sections_ms": {
      "IM1a": [
        21125,
        17339
      ],
      "IM1": [
        21125,
        17339
      ],
      "IM2a": [
        31093,
        30252
      ],
      "IM2": [
        null,
        null
      ],
      "IM3a": [
        11634,
        11170
      ],
      "FL": [
        null,
        null
      ]
    },
    "speed_series": [
      {
        "ts_ms": 1757043457661,
        "speed_kph": 126.75
      },
      {
        "ts_ms": 1757043457878,
        "speed_kph": 128.22
      }
    ]
  }
}